r_mean,r_std,g_mean,g_std,b_mean,b_std,h_mean,h_std,s_mean,s_std,v_mean,v_std,l_mean,l_std,a_mean,a_std,rgb_sum,pixel_count,category,filename,file_path
107.7402836310121,28.06921692182413,101.51270988025955,24.11029164686251,164.29714362164694,16.000742273305022,66.71057012838062,34.330675878959916,179.59134390260218,61.42618633484653,110.46384373536691,26.887158759219737,107.82527259348451,25.377814878224953,122.32962071041541,4.894780872307558,7258217,29898,cucumber,01_cucumber.HEIC,dataset\cucumber\01_cucumber.HEIC
89.35987985535985,28.71740933334875,90.70888253820134,26.97382246335717,162.75207045375015,13.856625439053106,68.35654617882439,26.402587222164236,189.1572378397294,54.116282517583635,94.1878572261752,27.61096601946131,94.48687740580894,28.312385809295883,118.85381430071153,5.314554873142048,7020562,34292,cucumber,02_cucumber.HEIC,dataset\cucumber\02_cucumber.HEIC
100.8872137602321,27.50885019216976,93.48645218112112,24.23005538034532,163.29173142679514,15.442180875057934,61.689262524681205,27.10966705359411,181.79654958035437,60.909687272526895,102.18435913376852,26.866036777547908,99.7227230338825,25.58662282366169,123.16021655786965,4.348397436768713,8583929,38604,cucumber,03_cucumber.HEIC,dataset\cucumber\03_cucumber.HEIC
105.97206198670317,25.468276191564588,115.69896362925303,28.216616818927182,158.12741982792335,12.837126454736289,77.79182679597905,23.847878424165152,135.54287250684396,60.447742923947615,116.02578705514274,27.87703800642569,118.67141669925694,28.73210017953057,115.3626564333203,5.048078066076119,11400271,40912,cucumber,04_cucumber.HEIC,dataset\cucumber\04_cucumber.HEIC
83.42236786631406,30.081230021489212,96.85905101375954,26.927999795296536,147.30995362385497,17.795960055114815,109.63792176458459,43.934729443727875,127.84182285079146,97.90535411847272,97.04999808363037,27.008837473236657,99.53903644935035,29.819377554448916,116.73088421294699,7.320841649171338,12410186,52182,lemon,01_lemon.HEIC,dataset\lemon\01_lemon.HEIC
103.58361469712015,23.45908725600825,111.18826547500828,21.71893047741473,140.77040714995036,13.49164237231471,117.2156801828541,54.278815601914424,68.09220456802383,45.77804983337199,111.53392916252896,21.80102211966275,116.25941741145316,22.849778515572993,120.83149619331347,3.576671126153675,18185417,60420,lemon,02_lemon.HEIC,dataset\lemon\02_lemon.HEIC
77.05744087576164,29.58268222134971,48.343137457399564,27.243424938199624,140.5634823918207,9.326743090157251,58.30665850476876,98.26466700835724,138.37843643498917,62.47457172076844,77.99020964577093,29.30704926495034,59.509284312713,28.920247227763845,139.7997108334194,9.06155843593509,7870430,48415,onion,01_onion.HEIC,dataset\onion\01_onion.HEIC
67.78630931567147,28.726391442111463,42.099965032807454,24.836683648148632,138.46668860686592,7.546438090681101,48.58643946303354,88.31205084665174,140.50161466153816,58.58004908811736,68.545364790094,28.480128512648886,51.04903634531131,27.95519037990027,138.8757636217784,6.677539883163508,6958209,48617,onion,02_onion.HEIC,dataset\onion\02_onion.HEIC
63.67428461223211,28.190704209853273,38.32031532508859,25.432129399869424,137.1698126853258,6.730718267125647,61.408781216250446,105.32654094873229,143.69928400954655,59.44904722530144,64.42971480918975,27.848930255217326,46.72679057881922,28.192760123522966,139.0749017622526,7.244932707202211,5536364,41481,onion,03_onion.HEIC,dataset\onion\03_onion.HEIC
117.62828774784941,27.785434183304123,109.52292143062196,27.328847635781642,129.77649749057107,2.915323593642893,93.93969971133812,126.6013655208452,32.15692097526208,19.510019845635544,119.92913214345816,26.496181445788334,119.25038854076956,28.383693133500735,131.12979736485215,3.6232973598673563,33910624,101019,onion,04_onion.HEIC,dataset\onion\04_onion.HEIC
119.86336104697514,32.42033844362761,113.484433078285,22.502352854932514,155.26826667218867,22.030303779345054,93.92976093679695,65.15936761664878,136.4678256007786,65.01336590638422,127.4687988569417,27.00836738833888,121.10575360053011,24.341880598665135,124.61704440740088,4.524054139288944,28674913,96583,orange,01_orange.HEIC,dataset\orange\01_orange.HEIC
60.82383679612057,21.238909713698327,78.02468542285021,20.335027741728833,152.41208561514986,9.468049868605032,89.96832450578124,25.856364529649003,163.90251243677105,59.052752064569226,78.05714644036621,20.39542101744894,78.19974081351114,22.178357621214705,113.04123991471928,4.120472779316794,8152501,47842,spinach,01_spinach.HEIC,dataset\spinach\01_spinach.HEIC
58.00324696269218,20.542573952169246,76.0845500483819,19.276582046636275,153.61864315664982,6.924523804493959,85.45472914247821,16.16475387250855,173.28394796258468,52.86870122513319,76.10717127190625,19.27455412992508,75.83844747876573,20.793890400538842,112.20838619503279,3.3817865959041087,7508617,46505,spinach,02_spinach.HEIC,dataset\spinach\02_spinach.HEIC
72.65541613316262,29.046778149351272,87.74622279129322,29.484371635698704,137.06313700384123,12.409338142290613,135.26200616599547,52.18806278307093,97.2733290653009,65.53578512882237,89.08389244558259,30.62161504179904,90.04786171574904,32.61736085434475,118.5978104993598,4.830960524065559,17954316,78100,spinach,03_spinach.HEIC,dataset\spinach\03_spinach.HEIC
132.01708186519957,25.70711174244342,107.05643815293318,35.04882996736965,142.04436339659188,17.77610338490378,99.5565329492213,75.7657562013262,87.02981599390081,88.8913718982095,136.18570604355978,24.769380680354764,122.3589664338258,27.820099442422066,137.2781212008819,15.155127433218452,32048131,97062,tomato,01_tomato.HEIC,dataset\tomato\01_tomato.HEIC
97.93088962571653,26.751618302415284,106.84628947959986,26.285133959209464,132.34436467348544,10.537941152986921,148.70839332572714,47.26866212247356,47.23863380914915,55.86102208034175,107.70201331909632,26.84336875046732,112.19460913791166,28.320712280316766,122.83094722940317,4.186426368346899,42970114,142352,vindi,01_vindi.HEIC,dataset\vindi\01_vindi.HEIC
