Category,Filename,Sensor_Signal_mV,Inositol_mg_per_100g,Literature_Min,Literature_Max,R_Mean,G_Mean,B_Mean,Hue_Mean,Saturation_Mean,Value_Mean,L_Mean,a_Mean,b_Mean
cucumber,01_cucumber.HEIC,63.64679325823457,18150.51235949559,1.2,5.8,107.7402836310121,101.51270988025956,164.29714362164694,66.71057012838062,179.59134390260218,110.46384373536692,107.82527259348451,122.3296207104154,164.29714362164694
cucumber,02_cucumber.HEIC,60.37425520782719,17215.501487950627,1.2,5.8,89.35987985535985,90.70888253820134,162.75207045375015,68.35654617882439,189.1572378397294,94.1878572261752,94.48687740580894,118.85381430071152,162.75207045375015
cucumber,03_cucumber.HEIC,63.15005205218391,18008.586300623974,1.2,5.8,100.8872137602321,93.48645218112112,163.29173142679514,61.689262524681205,181.7965495803544,102.18435913376852,99.7227230338825,123.16021655786965,163.29173142679514
cucumber,04_cucumber.HEIC,68.50268172914136,19537.909065468957,1.2,5.8,105.97206198670315,115.69896362925304,158.12741982792335,77.79182679597905,135.54287250684396,116.02578705514274,118.67141669925694,115.3626564333203,158.12741982792335
lemon,01_lemon.HEIC,65.87766917929105,18787.90547979744,0.8,3.2,83.42236786631406,96.85905101375954,147.30995362385497,109.6379217645846,127.84182285079146,97.04999808363036,99.53903644935036,116.730884212947,147.30995362385497
lemon,02_lemon.HEIC,72.71187573230515,20740.535923515756,0.8,3.2,103.58361469712015,111.18826547500828,140.77040714995036,117.2156801828541,68.09220456802383,111.53392916252896,116.25941741145316,120.83149619331348,140.77040714995036
onion,01_onion.HEIC,59.8926040167796,17077.88686193703,0.5,2.1,77.05744087576164,48.34313745739957,140.5634823918207,58.30665850476876,138.37843643498917,77.99020964577093,59.509284312713,139.7997108334194,140.5634823918207
onion,02_onion.HEIC,58.177743687730505,16587.926767923003,0.5,2.1,67.78630931567147,42.099965032807454,138.46668860686592,48.58643946303354,140.50161466153816,68.545364790094,51.04903634531131,138.8757636217784,138.46668860686592
onion,03_onion.HEIC,56.90436103233973,16224.103152097066,0.5,2.1,63.67428461223211,38.32031532508859,137.1698126853258,61.408781216250446,143.69928400954657,64.42971480918975,46.72679057881922,139.0749017622526,137.1698126853258
onion,04_onion.HEIC,75.48109691003883,21531.741974296805,0.5,2.1,117.6282877478494,109.52292143062196,129.77649749057107,93.93969971133812,32.15692097526208,119.92913214345816,119.25038854076956,131.12979736485215,129.77649749057107
orange,01_orange.HEIC,69.90774635784148,19939.35610224042,1.5,6.4,119.86336104697514,113.484433078285,155.26826667218867,93.92976093679697,136.4678256007786,127.4687988569417,121.10575360053012,124.61704440740088,155.26826667218867
spinach,01_spinach.HEIC,58.61002263273844,16711.43503792527,2.1,8.7,60.82383679612057,78.02468542285021,152.41208561514986,89.96832450578124,163.90251243677105,78.05714644036621,78.19974081351114,113.04123991471928,152.41208561514986
spinach,02_spinach.HEIC,58.434474225436844,16661.278350124812,2.1,8.7,58.00324696269218,76.0845500483819,153.61864315664982,85.45472914247821,173.28394796258468,76.10717127190625,75.83844747876573,112.2083861950328,153.61864315664982
spinach,03_spinach.HEIC,66.3011699361619,18908.905696046255,2.1,8.7,72.65541613316262,87.74622279129322,137.06313700384123,135.26200616599547,97.2733290653009,89.08389244558259,90.04786171574904,118.5978104993598,137.06313700384123
tomato,01_tomato.HEIC,74.5530749272516,21266.5928363576,0.9,3.5,132.01708186519957,107.05643815293318,142.04436339659188,99.5565329492213,87.02981599390081,136.18570604355978,122.3589664338258,137.2781212008819,142.04436339659188
vindi,01_vindi.HEIC,72.4153891387322,20655.825468209197,1.0,4.2,97.93088962571652,106.84628947959986,132.34436467348544,148.70839332572714,47.23863380914915,107.70201331909632,112.19460913791166,122.83094722940317,132.34436467348544
